"","Date","SW","1M","2M","3M"
"1",2024-01-01,NA,NA,NA,NA
"2",2024-01-02,0.0324776178332879,0.0318965608924918,0.0331083605747472,0.0328378235874842
"3",2024-01-03,0.0322843515113816,0.0321900389431772,0.033088528950464,0.0328091867515127
"4",2024-01-04,0.032183416939418,0.0326150174382401,0.0328944539196014,0.0330302110935882
"5",2024-01-05,0.0325203048245316,0.0310678543029379,0.0326587329798792,0.0329995877775192
"6",2024-01-08,0.0323089397141973,0.0301091270805741,0.0327138174029754,0.0330285507175932
"7",2024-01-09,0.032616207767076,0.0307597768417738,0.0332605231411438,0.0330740053814228
"8",2024-01-10,0.0329771191457942,0.0317349143546682,0.0333600190770719,0.0333366162664516
"9",2024-01-11,0.033225540020115,0.0323523738759916,0.0326618234856558,0.0333450031436374
"10",2024-01-12,0.0327752847872395,0.0323974138494663,0.0324696498367156,0.0332418635377633
"11",2024-01-15,0.0329656109138875,0.0304694924757946,0.0329507560332895,0.0333387640461929
"12",2024-01-16,0.0333258807123518,0.0309043628756985,0.0331255731919522,0.0333888097396777
"13",2024-01-17,0.0332742570278749,0.0317846138218872,0.0333832080329449,0.0335105989869555
"14",2024-01-18,0.0330855554800065,0.0326564355492523,0.0336505433226787,0.0334151600363537
"15",2024-01-19,0.0334354555975307,0.0313204132324564,0.0330617930513421,0.0334718854248086
"16",2024-01-22,0.0331589069931282,0.0311014910102105,0.0332925477174736,0.0335311496068407
"17",2024-01-23,0.032935519027454,0.0318843160915399,0.0335823376789922,0.0334205013206834
"18",2024-01-24,0.0331073660223719,0.0324673869548377,0.0335155627046432,0.03342875969686
"19",2024-01-25,0.0328106926857191,0.0325641620000596,0.0333355540192792,0.0332480588781535
"20",2024-01-26,0.0329127135451018,0.0334226018976972,0.0339718794616728,0.0334632084413332
"21",2024-01-29,0.032864398008896,0.0338453746831529,0.0341663742871609,0.0334804186055238
"22",2024-01-30,0.0329326520993394,0.0338690005250297,0.0331800485016363,0.0333135262235879
"23",2024-01-31,0.0319953031766104,0.0316856786368255,0.0324592169062674,0.0325955997882952
"24",2024-02-01,0.0285284601799808,0.0333387082660975,0.032712839087105,0.032537720853865
"25",2024-02-02,0.0308296276364838,0.0337050014330489,0.0322787321263665,0.032981130683046
"26",2024-02-05,0.0309128873563515,0.0338614901957716,0.0326808376975595,0.0331537203008323
"27",2024-02-06,0.0310135650388917,0.0339106937781776,0.0331199834565983,0.033152100631599
"28",2024-02-07,0.0314826787086854,0.0323372988600503,0.0329493745059346,0.0331630676220893
"29",2024-02-08,0.0322695208278446,0.03402868757937,0.0326488317901947,0.0331966354547272
"30",2024-02-09,0.033236162365314,0.0340608257549108,0.0328551049132653,0.0333849119016869
"31",2024-02-12,0.0327792773547875,0.0337811951284609,0.0328637860976171,0.0333024118918911
"32",2024-02-13,0.0334080134762122,0.0341617436690076,0.0331764445507223,0.0332595653223881
"33",2024-02-14,0.0278804316822951,0.0327975311748537,0.0332325381877534,0.03335563845878
"34",2024-02-15,0.0331862199145076,0.0337589075101256,0.0325987177011874,0.0332806159512406
"35",2024-02-16,0.0333393688035575,0.0337327616629703,0.0325771328250707,0.0333346915241385
"36",2024-02-19,0.0333270463656876,0.0342037121256094,0.0328218953672959,0.0333399895683379
"37",2024-02-20,0.0331724462482195,0.034138186084277,0.033208522146555,0.033292140700021
"38",2024-02-21,0.03275786702114,0.033362883967425,0.0330873361933459,0.0329749089397356
"39",2024-02-22,0.032466133230072,0.0339471803319409,0.0325220741953782,0.0331345949986266
"40",2024-02-23,0.0324423427072968,0.0338662377807097,0.0321762411897408,0.0329335341856726
"41",2024-02-26,0.0325462498813053,0.0337703161161537,0.0326599287460444,0.0331078582791964
"42",2024-02-27,0.0326179314655736,0.0338703267073124,0.0325945822162553,0.0326352613529931
"43",2024-02-28,0.0329575896646166,0.0314167543763325,0.0321142920948635,0.0318391630178579
"44",2024-02-29,0.0327870977955325,0.031724164627138,0.0318710780821022,0.0325254740966265
"45",2024-03-01,0.0325539454372529,0.0316909817953412,0.0318929077750901,0.0325805771767214
"46",2024-03-04,0.0326457323084322,0.0304923331774086,0.0322494941794822,0.0326083013766619
"47",2024-03-05,0.0327054121644876,0.0310815852298798,0.0324724698472694,0.0325973681388865
"48",2024-03-06,0.0329582272092821,0.0318551911550956,0.0326249616097914,0.0322473441278501
"49",2024-03-07,0.0327456810152095,0.0319448323425849,0.031924859441432,0.0325930374911786
"50",2024-03-08,0.0326655331883216,0.0317327112902508,0.0321288876672871,0.0325863297620954
"51",2024-03-11,0.0308368579603876,0.0302643304782277,0.032399165129937,0.0325097631354102
"52",2024-03-12,0.0328668561841923,0.0306607323238321,0.0322599711237824,0.0323140914195398
"53",2024-03-13,0.0330484209709366,0.0314246544826585,0.0323443048751459,0.0319961457017092
"54",2024-03-14,0.0326662223467064,0.031528932725633,0.0316198083458178,0.0325154789956716
"55",2024-03-15,0.0325419596412544,0.0319665630177204,0.0320409029075717,0.0323395879695445
"56",2024-03-18,0.0325108032387188,0.0306458335926056,0.0323686997646757,0.0326071482364104
"57",2024-03-19,0.0335365367168664,0.0315134703024657,0.0324585794770707,0.0324027563280257
"58",2024-03-20,0.0286330063480109,0.0320076637917731,0.0327428748140408,0.0324635524254476
"59",2024-03-21,0.0297455380394877,0.032145015926533,0.0317841601549725,0.0328053163799077
"60",2024-03-22,0.0309912055981085,0.0321639566234936,0.03196198478122,0.0327750434275074
"61",2024-03-25,0.0306205359920841,0.0301728128453168,0.0321753774826154,0.0327201341878269
"62",2024-03-26,0.0302167816770601,0.0304350706736322,0.0325817902500978,0.0328278713041001
"63",2024-03-27,0.0315100309940349,0.0320534633568574,0.032216559929172,0.0329554831502233
"64",2024-03-28,0.0326478134223703,0.0327850747676889,0.0324016619560858,0.0330402860601469
"65",2024-03-29,NA,NA,NA,NA
"66",2024-04-01,0.0329986885107652,0.0311299702150964,0.0327415140721724,0.0329146546082535
"67",2024-04-02,0.0332099108184941,0.031531142350542,0.0327875801182474,0.0329054411497662
"68",2024-04-03,0.0329656007625776,0.0321444536382672,0.0328403536165416,0.0331688963091087
"69",2024-04-04,0.0331789910954225,0.0332692628725585,0.0324713600843443,0.0333231831198555
"70",2024-04-05,0.0328118334524311,0.0330507603880467,0.0323909274625461,0.0329419974115547
"71",2024-04-08,0.0330065714682587,0.033278438535935,0.0329143682306477,0.0331240757612809
"72",2024-04-09,0.0330387172240826,0.031757583458908,0.0328239411559094,0.0330561172289896
"73",2024-04-10,0.0333241784648126,0.032469311282389,0.0329471146407627,0.0329282739324331
"74",2024-04-11,0.0329744074275391,0.0332646349454331,0.0324012300107294,0.0327431003543204
"75",2024-04-12,0.0327868990110487,0.0330353958253954,0.0323372510829326,0.0326853976823359
"76",2024-04-15,0.0330943034490587,0.0331582148176115,0.0327235559576377,0.0327087482598448
"77",2024-04-16,0.0330528092649885,0.0314599692774524,0.0327212703166425,0.0326139525289782
"78",2024-04-17,0.0333216209112705,0.0322447257287078,0.0324531852353427,0.0327599832075078
"79",2024-04-18,0.0313546227813581,0.0333079578081473,0.0322638660014595,0.0328133487281734
"80",2024-04-19,0.0328788522152235,0.0332188080747222,0.0323930962379657,0.0326842285558657
"81",2024-04-22,0.0306031883458084,0.0332382560467209,0.0327525028825256,0.0327415670847073
"82",2024-04-23,0.0311654709066897,0.031171046678888,0.0328848195863595,0.0328154191757046
"83",2024-04-24,0.0238803952883599,0.0318471249832761,0.0326820035680912,0.0325699870757463
"84",2024-04-25,0.0320711421665353,0.0329045660225301,0.0333511385256048,0.032660331389181
"85",2024-04-26,0.0318395915968789,0.0317818737114815,0.0333023056594176,0.032653241567127
"86",2024-04-29,0.0328716952807688,0.0316771272797557,0.0327748645156212,0.0327003402574975
"87",2024-04-30,0.0336553406276603,0.0322201651938952,0.0328166012448803,0.0326398881818662
"88",2024-05-01,0.0329870118346589,0.0326149646364653,0.0326498395616124,0.0325527501304425
"89",2024-05-02,0.033119682321891,0.0318809858124469,0.0327074233401779,0.0325579367940164
"90",2024-05-03,0.0327991250324098,0.0316798235221866,0.0325725524998466,0.032379138540073
"91",2024-05-06,0.0328973301914073,0.0311505624373687,0.032753382442853,0.0324273508558647
"92",2024-05-07,0.0334566312204798,0.0318514945134096,0.0327782376907241,0.0324097649071296
"93",2024-05-08,0.03284397177539,0.0324794975534466,0.0323613346898863,0.0319138491300775
"94",2024-05-09,0.0328060366366841,0.0326947305487118,0.0317473168244037,0.0324235264868463
"95",2024-05-10,0.0329496966740463,0.0326984593855345,0.0322444745099352,0.0325650246712343
"96",2024-05-13,0.0328141288213291,0.0313296909938351,0.0323498645916039,0.032422844509998
"97",2024-05-14,0.033510814479177,0.0319744701088823,0.0326949238711871,0.0325259250197951
"98",2024-05-15,0.0333733361123964,0.0324331196921846,0.0325409097195699,0.0319633847771651
"99",2024-05-16,0.0315224508176285,0.0327800473070977,0.0319347310332861,0.0324274174634681
"100",2024-05-17,0.033508389461707,0.0325312095348659,0.0322853458923756,0.0324812195246939
"101",2024-05-20,0.0333491361372384,0.0311016865917312,0.0326416428067876,0.0325752100928662
"102",2024-05-21,0.0333368659187564,0.0317653046459873,0.0324449523677666,0.032457767115805
"103",2024-05-22,0.0331806405561531,0.032528505638903,0.0327104405093207,0.0321646776788011
"104",2024-05-23,0.0323229028438019,0.0326121871405836,0.0321965240954897,0.0325729527535313
"105",2024-05-24,0.0318195713913916,0.0322401278782268,0.0321282617785925,0.0324838382243694
"106",2024-05-27,0.0321669304495029,0.0330139504481443,0.0324207634715295,0.0326112679876896
"107",2024-05-28,0.0323413451574057,0.0336433193277386,0.0324375526277157,0.0323967000460791
"108",2024-05-29,0.0322400236697631,0.0343818862704147,0.0324369360991591,0.0326322917179744
"109",2024-05-30,0.032944395715429,0.0328082522548595,0.0318738169115355,0.0324861612995721
"110",2024-05-31,0.0328873345874373,0.0321088740014374,0.0319865273947941,0.0323756932144703
"111",2024-06-03,0.0332622675772142,0.0326855779968764,0.0322565628449389,0.0323207568725552
"112",2024-06-04,0.0328092586386417,0.0308807960430815,0.0322974110774662,0.0321981707185989
"113",2024-06-05,0.0328991353704272,0.0317319509879336,0.0322162628833134,0.031772998485818
"114",2024-06-06,0.0326463067350845,0.0324487873277313,0.0313905782533396,0.0322941415759339
"115",2024-06-07,0.0318876436170209,0.0323521944395685,0.0317188771503695,0.0319992038680933
"116",2024-06-10,0.0296848232867496,0.0323562850386352,0.0318530549829437,0.031996299280399
"117",2024-06-11,0.032135031436877,0.0304100207576946,0.0321834393333645,0.0320205545383022
"118",2024-06-12,0.0327163803070488,0.0310036452899809,0.0319705681721255,0.0311993558182025
"119",2024-06-13,0.0325484715958252,0.0322446761756056,0.0313359206779834,0.0317972088392216
"120",2024-06-14,0.0319865455798128,0.0321030911278395,0.0313331288916116,0.0313492677574958
"121",2024-06-17,0.032313294597167,0.0306880182337551,0.0317698780048116,0.0317321820028945
"122",2024-06-18,0.0323577863103786,0.0305152161780395,0.0318653273147052,0.0317420894965395
"123",2024-06-19,0.0322300965936538,0.0313617081439623,0.0319217298563689,0.0311382476043864
"124",2024-06-20,0.0311451686768192,0.0321349926186872,0.0310436328368403,0.0316670092353399
"125",2024-06-21,0.0306622668020278,0.0322271778537388,0.0314289753332521,0.031777268297627
"126",2024-06-24,0.0310754929286457,0.0322838487318153,0.031947492878009,0.0318104711350758
"127",2024-06-25,0.0284872877108184,0.0306827040885116,0.0319393105024975,0.0318682090041488
"128",2024-06-26,0.0317068178267427,0.0301658591183391,0.0311748587389875,0.0314692497262911
"129",2024-06-27,0.0321588903322019,0.0314280600659669,0.0310761041432103,0.0317124784101532
"130",2024-06-28,0.0320488060043836,0.0316804306082382,0.0312920445475793,0.0316638600719446
"131",2024-07-01,0.0324569842205017,0.0304501955861892,0.0318161683138093,0.0320016674278598
"132",2024-07-02,0.0322545343487552,0.0315047219092688,0.031785360667618,0.0316282969363675
"133",2024-07-03,0.0324692027291564,0.0317371678741606,0.0319856245090204,0.0318443415138599
"134",2024-07-04,0.0298364912335412,0.031145744225977,0.0306422178679912,0.0315248546116048
"135",2024-07-05,0.0324673784334386,0.0318057950202365,0.031770628394934,0.0321348710415862
"136",2024-07-08,0.0327476919365726,0.0302131214975811,0.031866412505564,0.0322792172597091
"137",2024-07-09,0.0327504374193656,0.0308991251145824,0.0319110411909666,0.0323166447651158
"138",2024-07-10,0.0328226112671383,0.0315485454059684,0.0320004112161344,0.0316960365595075
"139",2024-07-11,0.0325393663241562,0.0319471851304788,0.0314922761161064,0.0323776137846407
"140",2024-07-12,0.0323846996385125,0.031022495042546,0.0316436096885712,0.0323826041600429
"141",2024-07-15,0.032724104871971,0.0301497230260115,0.031619720242973,0.032366271126786
"142",2024-07-16,0.0327522521365836,0.0309331129849753,0.03170216433412,0.0323959601091749
"143",2024-07-17,0.0325310764759397,0.031412435869339,0.0316785251705996,0.0318336194858548
"144",2024-07-18,0.0323610256969964,0.0314915187089174,0.0311161150755353,0.0322849312621547
"145",2024-07-19,0.0321946335043932,0.0314600734080844,0.0314428541363442,0.0322793195109074
"146",2024-07-22,0.0321555387089867,0.0300823938380126,0.0315737410458948,0.0322672975814736
"147",2024-07-23,0.0314412959654845,0.0306913297008487,0.0316206796329633,0.0322309057832146
"148",2024-07-24,0.0316026169327522,0.0311613613959072,0.0314270271055156,0.0316421128872164
"149",2024-07-25,0.0311077638128772,0.0312115448260726,0.0309818028080027,0.0318545147339531
"150",2024-07-26,0.0306251757813778,0.0312184522031823,0.0314310944817678,0.0320228155150005
"151",2024-07-29,0.0310217381922969,0.0317229293227793,0.0317158005429396,0.0319312760499121
"152",2024-07-30,0.0315898373985588,0.0297322569972382,0.0314742897224748,0.03196983646067
"153",2024-07-31,0.031408182658129,0.0302180211555295,0.0311877524840384,0.0313545308201843
"154",2024-08-01,0.0294339433686311,0.0306694217485087,0.0309085622625347,0.0318197563131824
"155",2024-08-02,0.0307290921024598,0.0303218213117925,0.0308213571706126,0.0317209825299678
"156",2024-08-05,0.0301081125939745,0.0284480543629522,0.0310393125945299,0.0316430845454663
"157",2024-08-06,0.030607366537404,0.0290533529659249,0.0311870974877438,0.0315858929990756
"158",2024-08-07,0.0312320536497358,0.0303197599713679,0.0313723078582577,0.0313433855786663
"159",2024-08-08,0.0306995582708101,0.0298189152763438,0.0307833085964447,0.0319103785009541
"160",2024-08-09,0.0308039470490096,0.0293254834754251,0.0311952383270451,0.0320696272700781
"161",2024-08-12,0.0314703288635821,0.0285601631829305,0.0312511267407634,0.0320884602833938
"162",2024-08-13,0.0310894539225276,0.0290202446600275,0.0316487917836123,0.0319344575785623
"163",2024-08-14,0.0308867566954234,0.0297275799269891,0.0314618458209576,0.0314539360893442
"164",2024-08-15,NA,NA,NA,NA
"165",2024-08-16,0.0307763821061537,0.0306581356604106,0.0312725256040269,0.0320275078364845
"166",2024-08-19,0.0314133587936757,0.0288471569757649,0.0317087144198757,0.032098412088294
"167",2024-08-20,0.0311598938016495,0.0292382078971606,0.0317094281317654,0.0320404695137962
"168",2024-08-21,0.0311241289062564,0.0302003132190355,0.0317585153576794,0.031802103127061
"169",2024-08-22,0.0279966950632973,0.0310143117863747,0.0311542861071012,0.0321605611898833
"170",2024-08-23,0.0304563064431269,0.03113854762212,0.0315733526150329,0.0324477087021917
"171",2024-08-26,0.0306505159501655,0.029627613795214,0.0318552019185659,0.0323134377609161
"172",2024-08-27,0.0306843958212274,0.0301538848679709,0.0318984493115542,0.0324666339840996
"173",2024-08-28,0.0308243968360527,0.0307047507279942,0.0316403920809313,0.0327836478963542
"174",2024-08-29,0.0308535299135821,0.0316040872980603,0.0315279752009019,0.0328047428761059
"175",2024-08-30,0.0308515138898329,0.0316967648011633,0.031484941519134,0.0331052784010638
"176",2024-09-02,0.0312174467512986,0.0318017285144365,0.0319853525799777,0.0330070355741275
"177",2024-09-03,0.0308002685890834,0.0303441429979105,0.0321246677479663,0.0330062096802868
"178",2024-09-04,0.0308172959942233,0.030875988327159,0.0321352558123605,0.0333466209288724
"179",2024-09-05,0.0285985507059626,0.0321789218291411,0.0313352537939319,0.033233999306914
"180",2024-09-06,0.0301480288116254,0.0320292227543686,0.0314891423302665,0.0332677122033628
"181",2024-09-09,0.0303870228828254,0.0319814611309594,0.0317523558696755,0.0332392033089699
"182",2024-09-10,0.0305089217040961,0.0298601462205027,0.0321244273041693,0.0333458422444761
"183",2024-09-11,0.0310015810624691,0.0304912430926668,0.0319549814021306,0.0327876041917704
"184",2024-09-12,0.0318406655638489,0.0326723087862024,0.0323710894688468,0.0336212426989713
"185",2024-09-13,0.032175214620869,0.032368496294403,0.0327911066039778,0.0338388602681112
"186",2024-09-16,0.0329071168923024,0.0331423948851843,0.033378627024673,0.034328661518733
"187",2024-09-17,0.0332688956809452,0.0319074192273395,0.0334161381112518,0.0343933331640703
"188",2024-09-18,0.0329632649173205,0.0335495264760958,0.0342988048248846,0.0351954792123941
"189",2024-09-19,0.0335175639370549,0.0348091701038211,0.0347490791251662,0.0358700306185369
"190",2024-09-20,0.0317632999427118,0.03470103021012,0.0351737504764026,0.0358504804825858
"191",2024-09-23,0.0312462696505575,0.0340900862679506,0.0344493211036461,0.0351340935439586
"192",2024-09-24,0.0311296348808984,0.0322953892633735,0.0341246769682838,0.035112003074658
"193",2024-09-25,0.0317440520845716,0.0329473124352712,0.034231038283372,0.0351936470819144
"194",2024-09-26,0.0329797846433368,0.0331389768975987,0.0346741989690605,0.0351381508375242
"195",2024-09-27,0.0333264924262134,0.032949668773361,0.0338837358508764,0.0335501680801681
"196",2024-09-30,0.0328386782864837,0.0304969667240035,0.0333965573322964,0.0328236267240334
"197",2024-10-01,0.032793506360641,0.0307503000256662,0.0332404599449393,0.0328884796475524
"198",2024-10-02,0.0329498488341443,0.0313139500127996,0.0331761917714923,0.0326815399045785
"199",2024-10-03,0.0306569539983832,0.0316560948111188,0.032798477285118,0.0329447825623454
"200",2024-10-04,0.0328421229265572,0.0318142889214534,0.0329234668334412,0.0327300160467194
"201",2024-10-07,0.0326863834418433,0.0298286176653666,0.0323290291594778,0.0318353810901297
"202",2024-10-08,0.0323717907515908,0.0300182962741136,0.0322928229140852,0.0314553884906996
"203",2024-10-09,0.0322515243310702,0.0306134549221546,0.0320929324217912,0.0308995202753798
"204",2024-10-10,0.0318996161424543,0.0311908572972746,0.0316586236098509,0.0312793224973864
"205",2024-10-11,0.0319271189145992,0.0301110298497559,0.0316572732009659,0.0310945929134499
"206",2024-10-14,0.03189904038662,0.0299164655972047,0.0319310048720209,0.0312262076592696
"207",2024-10-15,0.0311068102193378,0.0296769022582758,0.0312199928264494,0.0304820122172738
"208",2024-10-16,0.0305905484260261,0.0300542371585813,0.0309403174458549,0.029753461838127
"209",2024-10-17,0.030305136746894,0.0301019400028058,0.0303477572666687,0.0300961414911489
"210",2024-10-18,0.0297708017937601,0.0299481410099894,0.0304200410432823,0.0300236781587393
"211",2024-10-21,0.0298316518706858,0.0285323569808618,0.0304432638424657,0.0297825762463455
"212",2024-10-22,0.0298003859604215,0.029112624981885,0.0306386639761797,0.0296777501394176
"213",2024-10-23,0.0295540924909583,0.0296591324725049,0.0301248638847798,0.0293081531249384
"214",2024-10-24,0.0271779360869505,0.0294189618336995,0.0300361602278028,0.0298140482849493
"215",2024-10-25,0.028780809447172,0.0299770098942665,0.0301487571597141,0.0298177835785647
"216",2024-10-28,0.0290357386876343,0.030567293460418,0.0304719536702661,0.0297792909162334
"217",2024-10-29,0.0293329626504724,0.0313338617200556,0.0308569613394379,0.0299627602060684
"218",2024-10-30,0.0297797370671304,0.0301742643513429,0.0285745323156667,0.029701433720714
"219",2024-10-31,0.0294757579424184,0.030805181958967,0.0290772561273078,0.0302136267829153
"220",2024-11-01,0.0302804394150751,0.031058370647449,0.0294723113141712,0.0303196799340725
"221",2024-11-04,0.0306242793275525,0.0311857610728057,0.0295844138686635,0.0303618151557999
"222",2024-11-05,0.0307300263933146,0.029904411813363,0.0297920095996981,0.0304596675964955
"223",2024-11-06,0.0308986890912508,0.0307861649593491,0.0299409666684057,0.0302004155684286
"224",2024-11-07,0.0307699186219237,0.0314060628142564,0.0296335065136524,0.030713645773934
"225",2024-11-08,0.0304477494451295,0.03135593653623,0.0293810746736888,0.0303939612405161
"226",2024-11-11,0.0307031614040285,0.0313212769793963,0.0298370920793149,0.0305248445208847
"227",2024-11-12,0.0301298523546135,0.0298421243821042,0.0296553250448257,0.030130722706701
"228",2024-11-13,0.0306129440512019,0.0305457688264499,0.0300805121503879,0.0298996560663885
"229",2024-11-14,0.0306324779453239,0.0311136143581826,0.0288963499313205,0.0301691579919063
"230",2024-11-15,0.0299574735643317,0.0310565718545225,0.0288796455836993,0.0299351626327845
"231",2024-11-18,0.0308942531626297,0.0307735028730449,0.0289426269620418,0.029692731139375
"232",2024-11-19,0.0279183607546788,0.0294460697165844,0.0289589183108738,0.0295483089141794
"233",2024-11-20,0.0301402171251422,0.0299011771060161,0.0289345472472989,0.0289909254553385
"234",2024-11-21,0.0298722829936943,0.0295481994891719,0.0282834211657631,0.0292418297988914
"235",2024-11-22,0.0299052842414987,0.0298165381382665,0.0282689966203958,0.029032155764642
"236",2024-11-25,0.0297015970704807,0.0298946345433366,0.0285006610058934,0.0289128772205555
"237",2024-11-26,0.0303380577852864,0.029289175632349,0.0284056820592654,0.0292162342738086
"238",2024-11-27,0.0299085495625338,0.0285952064130744,0.0280217657266645,0.0291812437832324
"239",2024-11-28,0.030136615815684,0.0252773855904312,0.0278911721350237,0.0291593703500464
"240",2024-11-29,NA,NA,NA,NA
"241",2024-12-02,0.0321451290896356,0.0288753455525744,0.0310206292256005,0.0317554802462168
"242",2024-12-03,0.0328286650130104,0.0292423559843136,0.030957472081179,0.031691653326721
"243",2024-12-04,0.0322689849810221,0.0295089011741254,0.0309780629575335,0.0317753941191603
"244",2024-12-05,0.0317289789955814,0.0297797916527249,0.0307286793968841,0.0315140725649667
"245",2024-12-06,0.0321531655693605,0.0297633178442724,0.0310374400784734,0.0318874969115682
"246",2024-12-09,0.0314532815887532,0.0284077271734229,0.0306757497103703,0.0316513067197601
"247",2024-12-10,0.0314316613200676,0.0288319768964536,0.0308488071216017,0.0316377171428984
"248",2024-12-11,0.0314008612356464,0.0296684084763305,0.0314835947914535,0.0321599657462971
"249",2024-12-12,0.0322263529316587,0.0305156717035176,0.0310550409747342,0.0320579126335189
"250",2024-12-13,0.0330009472405656,0.0303136119359651,0.0312162194262211,0.0321632156637758
"251",2024-12-16,0.0297906012195333,0.0292426423141565,0.0315286253801336,0.0322695536229549
"252",2024-12-17,0.0312723405943129,0.0299437185262237,0.0318150395155522,0.0325115455775086
"253",2024-12-18,0.0343021811739983,0.0312651357456038,0.0321019850741842,0.0328315719537073
"254",2024-12-19,0.0331570100944529,0.031792403986287,0.0321339535652014,0.0326642342937958
"255",2024-12-20,0.0233679567267253,0.0315398890355709,0.0319337784545786,0.032559202466359
"256",2024-12-23,0.0241711926996483,0.0314260019048453,0.0321609691945721,0.0324428601451622
"257",2024-12-24,0.0237515665218131,0.0312856457119246,0.0320139741711085,0.0324109093645152
"258",2024-12-25,NA,NA,NA,NA
"259",2024-12-26,0.0288255369396603,0.0318903765038529,0.0323857329577407,0.0322646730756751
"260",2024-12-27,0.0288789596244089,0.033055558086496,0.0328212118783197,0.0326159833917094
"261",2024-12-30,0.032331331869271,0.0326602341631519,0.0332773501115079,0.032683220848919
"262",2024-12-31,0.032645814851102,0.0327828294124755,0.0332461189619914,0.0326075583798009
"263",2025-01-01,NA,NA,NA,NA
"264",2025-01-02,0.0326284879615035,0.0329972484805668,0.0331592556379967,0.0326031111144302
"265",2025-01-03,0.0330425544496291,0.0326583597352664,0.0331674009007906,0.0326000276134371
"266",2025-01-06,0.0333917653259679,0.0321481330348046,0.0326136817171442,0.0326908886275427
"267",2025-01-07,0.0324608929818721,0.0323711361321444,0.0327202865497999,0.0324220519274135
"268",2025-01-08,0.032139781663479,0.0324818698703805,0.0327530401524992,0.0322489681487335
"269",2025-01-09,0.0321611633502995,0.0323171219257918,0.0324951481670476,0.0320465784180612
"270",2025-01-10,0.0321613763807608,0.0310645032962405,0.0319074447443252,0.0314888335035307
"271",2025-01-13,0.0312552104092462,0.030137436141245,0.0312809327260249,0.0313269822021117
"272",2025-01-14,0.0313000650984864,0.0306622132027943,0.0315863121675263,0.0312652735542496
"273",2025-01-15,0.0311610381090529,0.0306842373123742,0.0315031764838556,0.0310919745476204
"274",2025-01-16,0.0301234895980405,0.0307264753034931,0.0312027475524598,0.0306674380706315
"275",2025-01-17,0.0306070162119717,0.0308480791246511,0.0312411236432665,0.0306578126257839
"276",2025-01-20,0.0302160638815707,0.0298657780284768,0.03077363400972,0.030849511285748
"277",2025-01-21,0.0297180667318744,0.0297731190041928,0.0306224027596215,0.0304505695979218
"278",2025-01-22,0.0297985985002625,0.0301551448670554,0.0308425741220885,0.030317929687788
"279",2025-01-23,0.0303643796511339,0.0301801526889761,0.0307575352322203,0.0302125680937564
"280",2025-01-24,0.0308987496898419,0.0304484197840754,0.0306197116446652,0.0304185102934428
"281",2025-01-27,0.0298683973388764,0.030371909492306,0.0300228712282064,0.0300213872294091
"282",2025-01-28,0.0297229782075431,0.0309076771351801,0.0300698570220476,0.0299440584834384
"283",2025-01-29,0.0302434475055637,0.031381166031877,0.0303018730794502,0.0299672652116762
"284",2025-01-30,0.0300975376876159,0.0310786931871266,0.0300281646145165,0.0296142904725017
"285",2025-01-31,0.0294210935650191,0.0312676779302512,0.0301872690984971,0.0296568171325918
"286",2025-02-03,0.0302667008700083,0.0311360819965816,0.0295393990460275,0.0293906091827342
"287",2025-02-04,0.0292371020283325,0.0311315658959839,0.0296649777600207,0.0296738529750924
"288",2025-02-05,0.0297452667089205,0.0305740641203603,0.0297632739319892,0.0293968781209783
"289",2025-02-06,0.0279955529207544,0.0306439392072129,0.0298960875793814,0.0290457146965446
"290",2025-02-07,0.0295319367892586,0.0306650111961976,0.0293800765001069,0.0291748315725374
"291",2025-02-10,0.0299836427235986,0.0307619774692631,0.0295513100734133,0.0294926497917992
"292",2025-02-11,0.030022614895305,0.0306960757342486,0.0296640987542333,0.0295051114564538
"293",2025-02-12,0.029904785085724,0.0309031546883326,0.0299956564358991,0.0294976902985275
"294",2025-02-13,0.0296328480432222,0.0309425819955463,0.0295754471364495,0.029401890127099
"295",2025-02-14,0.0300898168199753,0.0308991943460774,0.029285759957451,0.0293185260449949
"296",2025-02-17,0.0292976038620877,0.0307408360368314,0.0292277102345908,0.0295924845208565
"297",2025-02-18,0.029829596072,0.0304652659044381,0.0295273227314809,0.0296045824923268
"298",2025-02-19,0.0294110372708606,0.0306552819989939,0.0298115657370129,0.0296099642035387
"299",2025-02-20,0.0286188130583469,0.0304523220549137,0.0297896106199642,0.029367613406727
"300",2025-02-21,0.0286755251266807,0.0307190880426072,0.0295067898311488,0.0290922267400662
"301",2025-02-24,NA,NA,NA,NA
"302",2025-02-25,0.0279071284191359,0.0302374375863533,0.0292422919655287,0.0293379891151099
"303",2025-02-26,0.0274871337053376,0.0288327723610018,0.0290326054151595,0.0292139979359312
"304",2025-02-27,0.0298554576248097,0.0294720436221641,0.0283391286605239,0.0291641087277176
"305",2025-02-28,0.0297484061735792,0.0294283757091346,0.0288097738709762,0.0292021949983801
"306",2025-03-03,0.0291517405861026,0.0281932946768608,0.0290980012823519,0.0292030208110745
"307",2025-03-04,0.0296776885630787,0.028284233736928,0.0289648189830745,0.0289719381407672
"308",2025-03-05,0.0298404518695504,0.0293636936287008,0.0292904592552973,0.0287839067559128
"309",2025-03-06,0.0287306570079334,0.0291380746995575,0.0288447710806763,0.0290854473776606
"310",2025-03-07,0.0275313454469352,0.0290426099149542,0.0287986396333152,0.0289775829342649
"311",2025-03-10,0.0286227525156153,0.0280492162152065,0.0290070476103546,0.0290625048705888
"312",2025-03-11,0.0281628200180236,0.0282922899726247,0.0289811406777084,0.0288326203098337
"313",2025-03-12,0.0293870911959305,0.0288088913719515,0.0289888215242282,0.0286020992569876
"314",2025-03-13,NA,NA,NA,NA
"315",2025-03-14,0.0290516205372368,0.0279356797437222,0.0285831556797037,0.0287922916006808
"316",2025-03-17,0.0291415156300285,0.0275632632146664,0.0289912285405816,0.0286350785232719
"317",2025-03-18,0.0295650718274631,0.0282088180603127,0.0292319677124452,0.0287489274457396
"318",2025-03-19,0.0293947604412804,0.0284796537582271,0.02887628989736,0.0288479878588351
"319",2025-03-20,0.0302054639950023,0.029049406802907,0.0284598791248101,0.0288732089136777
"320",2025-03-21,0.0300043642655401,0.0291008355315156,0.0286179442009813,0.0289411267678363
"321",2025-03-24,0.028311242080256,0.0281630658673381,0.0288312278127212,0.0289554978609746
"322",2025-03-25,0.030524774207643,0.0285348461460922,0.0293853549577954,0.028885000764759
"323",2025-03-26,0.0299852218445377,0.0289007908252588,0.028944219309074,0.0286146757820329
"324",2025-03-27,0.0284890852151191,0.0291882092261695,0.0290896296016445,0.0287501606528794
"325",2025-03-28,0.0290244180342034,0.0286400078893791,0.0285499088812592,0.0288425204178291
"326",2025-03-31,0.0288635706861109,0.028959134214003,0.028668747815331,0.0287728035266304
"327",2025-04-01,0.0289139000839157,0.0273926163870889,0.0286638234296539,0.0287779756449706
"328",2025-04-02,0.0294826112332416,0.0278737796104499,0.0286251441852277,0.0282738682657407
"329",2025-04-03,0.0291014204375863,0.0286637081693335,0.0281204526128514,0.0287984258893862
"330",2025-04-04,0.0289718233275435,0.0285762014994129,0.0278226897036689,0.0284685000047846
"331",2025-04-07,0.0282391718485384,0.0282275223950205,0.0279655665786078,0.0282409841524635
"332",2025-04-08,0.0299285868561877,0.0272678006115429,0.0282160852983134,0.0284128553707904
"333",2025-04-09,0.0217127185496547,0.0264991191713718,0.0272179026862006,0.0271973439521922
"334",2025-04-10,0.0244162496334985,0.0275240126154591,0.0267886710686529,0.0275486925191245
"335",2025-04-11,0.0260213027082191,0.0274326549383852,0.0269569887277888,0.0272886740086155
"336",2025-04-14,0.0270299295172661,0.0276054682831406,0.027173176037255,0.0273725484854262
"337",2025-04-15,0.0271835936868983,0.026442787536415,0.0271824327454096,0.0273302096072669
"338",2025-04-16,0.028131210970373,0.0274408199929293,0.0271674106538781,0.0275797646452223
"339",2025-04-17,0.028266304578157,0.0278147554097127,0.0268021458560842,0.0273324697838552
"340",2025-04-18,NA,NA,NA,NA
"341",2025-04-21,0.0274203949449488,0.0276508057617895,0.0270613259490171,0.0272170864698529
"342",2025-04-22,0.0254667343066748,0.0262383532715884,0.0271840080326476,0.0273497895056703
"343",2025-04-23,0.0268555830171642,0.026777195556736,0.0274201385899975,0.0274926560666605
"344",2025-04-24,0.0245750952745216,0.0280132880847788,0.0269668730418526,0.0275607005656496
"345",2025-04-25,0.0262054108314449,0.0279091586620816,0.0273267597340823,0.0275108116440663
"346",2025-04-28,0.0271741008636132,0.0275560231832042,0.0273994681242315,0.0275164805152256
"347",2025-04-29,0.0282614660446797,0.0272444793668855,0.0274948395530937,0.0274751617198243
"348",2025-04-30,0.0273131208914675,0.0275876443226388,0.0273319052749353,0.0273585540641185
"349",2025-05-01,0.0270362228068016,0.0273418959830193,0.0274896354585363,0.0275658194478716
"350",2025-05-02,0.0272994679525155,0.0272471715289952,0.0271398181773171,0.0273515692287772
"351",2025-05-05,0.0275352133736489,0.0264793264107527,0.0271564387747209,0.0270476241319523
"352",2025-05-06,0.0267152640154666,0.026261160469915,0.0268780573106548,0.0268933423564603
"353",2025-05-07,0.0271101537822036,0.0268282722088037,0.0269369284672952,0.0262111805042975
"354",2025-05-08,0.027772485189564,0.0275540095474767,0.0266760999556025,0.0270317537238779
"355",2025-05-09,0.0274957619801037,0.0275402142783234,0.0268649426226879,0.0270317768022552
"356",2025-05-12,0.0274663760054413,0.0262716032572016,0.027056666160546,0.0270527824409418
"357",2025-05-13,0.0278094900907583,0.0265657100506167,0.0270046509087646,0.0269861067750582
"358",2025-05-14,0.0276428204483497,0.0268196614838332,0.0268513259168615,0.0263285904972577
"359",2025-05-15,0.0248031533732911,0.0265374570723571,0.0262156735893234,0.0265976314566746
"360",2025-05-16,0.0277964635769523,0.026900318854155,0.026376646881762,0.0266690575993767
"361",2025-05-19,0.0274218634619913,0.0257016881387755,0.0265124900873621,0.0264932706456737
"362",2025-05-20,0.0256261746613629,0.0259690421870873,0.0266129974954982,0.0264897739032433
"363",2025-05-21,0.0272926849167012,0.0263685132699235,0.0264788046330451,0.0259799244296709
"364",2025-05-22,0.0261259902285717,0.0265197345059518,0.0259751392590551,0.0261983171070803
"365",2025-05-23,0.0267969926135962,0.0263218495012957,0.0257349410706376,0.0260036604552641
"366",2025-05-26,0.0262929053098883,0.0251153973740106,0.0260644015295373,0.0260110369369724
"367",2025-05-27,0.0256204799751628,0.0256983384391299,0.0262026233412569,0.0261268585386398
"368",2025-05-28,0.0263452887860197,0.0260952881069907,0.0259204067388269,0.026211617710395
"369",2025-05-29,0.0267646621992676,0.0266784530406464,0.0257843553033904,0.0260951533492669
"370",2025-05-30,0.0262290505387424,0.0263560976481355,0.0258805071392979,0.0260786196436369
"371",2025-06-02,0.0274084554602855,0.0248375510999697,0.0258832906011856,0.0259907706294101
"372",2025-06-03,0.0261482921592898,0.0251028358870009,0.0260147219027646,0.0260357506028588
"373",2025-06-04,0.0268376158603906,0.0255352538260608,0.0260724885947854,0.0256680810915511
"374",2025-06-05,0.0271198064317626,0.0262613667851378,0.0255633178616915,0.0259819106271447
"375",2025-06-06,0.0263037036514698,0.0261983013672118,0.02551467994879,0.0257727455419294
"376",2025-06-09,0.0259908072795348,0.0261343638840509,0.0257008205705648,0.0257857065397191
"377",2025-06-10,0.0227382532666737,0.0249621379702925,0.0260426796797438,0.0257464944064751
"378",2025-06-11,0.025427085898317,0.0252646522297394,0.0258450231561374,0.0252550289580685
"379",2025-06-12,0.0240412908492213,0.025941791074829,0.0253311240237015,0.0256823846529281
"380",2025-06-13,0.0249546782913805,0.0258708701153384,0.0254506335553415,0.0256452198222514
"381",2025-06-16,0.0244293774132703,0.0258361173867356,0.0254924243415879,0.0255295320723143
"382",2025-06-17,0.0253688519553262,0.0249930579556979,0.0256473919385836,0.0252200836585988
"383",2025-06-18,0.0248686017932318,0.0252892546580407,0.0260487641875442,0.0252813633947227
"384",2025-06-19,0.026065188141377,0.0261847509143996,0.025233958866422,0.0256336843912595
"385",2025-06-20,0.0254627999771162,0.0263138888243425,0.0256063810580173,0.0258843346744448
"386",2025-06-23,0.0249330775953995,0.0263015284491779,0.0258852138958342,0.0259524107308594
"387",2025-06-24,0.0240838258749718,0.0250565940327895,0.0259583163569277,0.0259617590333611
"388",2025-06-25,0.0194570567159151,0.0257004495891808,0.0261304453984394,0.0257704666267944
"389",2025-06-26,0.025820212129128,0.0260674978782645,0.0265115262000399,0.0261680628329213
"390",2025-06-27,0.026089838036446,0.0255496246695397,0.0256100085268544,0.0260547475499129
"391",2025-06-30,0.0245137223833537,0.0245182521324485,0.0257391828050076,0.0260257630307912
"392",2025-07-01,0.0255788187904639,0.0248280445965813,0.0258369288945325,0.0261055546424149
"393",2025-07-02,0.0241977639568332,0.0257454617535445,0.0256074186574659,0.0263029382484061
"394",2025-07-03,0.0255286253539236,0.0258549212234769,0.0253346999971866,0.0258720602418428
"395",2025-07-04,0.0258430008767438,0.0258624609536237,0.0255621240688459,0.0258268389219553
"396",2025-07-07,0.0263195110879741,0.024542359734817,0.0256365197645687,0.0259205464588808
"397",2025-07-08,0.0257196620409686,0.0249934089554362,0.0257434532820241,0.0260626628456563
"398",2025-07-09,0.0258269439913516,0.0255945456314629,0.0258012149806327,0.0256157341187819
"399",2025-07-10,0.0236686362616041,0.025960028665807,0.025437731461555,0.0260321762284285
"400",2025-07-11,0.0262689470160935,0.0260806254976098,0.0255292086652018,0.0261175948074248
"401",2025-07-14,0.0272952770570079,0.0249408798742699,0.0259364434268813,0.026180448268109
"402",2025-07-15,0.0255092716947245,0.0252310268388252,0.0259315104489745,0.0261456720828176
"403",2025-07-16,0.0251653576378306,0.0258402130759405,0.025821060744852,0.0258926504245997
"404",2025-07-17,0.025716786599303,0.0261119122284198,0.0256459342563689,0.0261567722118356
"405",2025-07-18,0.0250279065753307,0.0257408063779847,0.0258237034768642,0.0263615922482455
"406",2025-07-21,0.0254537296668292,0.0249138820951762,0.0258438487072279,0.0263868909779274
"407",2025-07-22,0.0252194962109223,0.0252695578201133,0.0259367857639039,0.0262928970538946
"408",2025-07-23,0.02447303564387,0.0258981111161261,0.0260454422951756,0.0260839063951061
"409",2025-07-24,0.0269363799255947,0.0261885222149946,0.0258663310478612,0.0265372345887254
"410",2025-07-25,0.0255840829931516,0.0260655932500972,0.0260594491551859,0.0265465721705087
"411",2025-07-28,0.0270968143718094,0.0266184790244886,0.0261199415242463,0.0265437436452734
"412",2025-07-29,0.0268948418613308,0.0272156580679378,0.0263629931423378,0.0266241517792949
"413",2025-07-30,0.026934059708777,0.0256405774950863,0.0259401258697532,0.0260993757453219
"414",2025-07-31,0.0256984588408947,0.0259279690342341,0.0257336206779442,0.0263397550814322
"415",2025-08-01,0.0267834194518849,0.0258611417819685,0.0261144670128596,0.0267363234389626
"416",2025-08-04,0.0264480481688279,0.024605559833585,0.0263976399679779,0.0270060636344557
"417",2025-08-05,0.0253151816986509,0.0248449296762881,0.0263165094410844,0.026898241779175
"418",2025-08-06,0.026136892225391,0.0253317841786928,0.0263857826242844,0.0266699229940776
"419",2025-08-07,0.0264670430496532,0.0259454438080077,0.0260353668958672,0.0270270641205455
"420",2025-08-08,0.0251671394992337,0.025029496471818,0.0261118438047756,0.0270393903240692
"421",2025-08-11,0.0251633579183284,0.024295440610326,0.026264788313771,0.027051938335369
"422",2025-08-12,0.0263624166713288,0.0245724757749131,0.0266149269367292,0.027251744476299
"423",2025-08-13,0.0259163392871166,0.0252597245896484,0.0268955207688567,0.0271427777848149
"424",2025-08-14,0.0255836334951692,0.0259184831057337,0.0265806165255545,0.0274117489774505
"425",2025-08-15,0.0253504312385403,0.0258149888012859,0.0266738101942867,0.0273199451709536
"426",2025-08-18,0.0256887243207084,0.0246186351740562,0.0269099860287839,0.0274046869792709
"427",2025-08-19,0.0259055672537825,0.0250687438655495,0.0269680492124501,0.0273772927283392
"428",2025-08-20,0.0257165104298163,0.0256737209724345,0.0268909432629139,0.0269086555421946
"429",2025-08-21,0.0242159634846971,0.0263755263010161,0.0265250184545272,0.027312763670654
"430",2025-08-22,0.0255688890224799,0.0261468170452585,0.0268333363176302,0.0274856478350753
"431",2025-08-25,0.0257998725147132,0.0252871215248073,0.0270856133778125,0.0274893844827987
"432",2025-08-26,0.0261809229935339,0.0255743033720504,0.0271682150854491,0.0276827345771282
"433",2025-08-27,0.0259357209311718,0.0257317436284203,0.0268525004124672,0.0278477297174415
"434",2025-08-28,0.026048073551584,0.0265708798647565,0.0269187029186023,0.0279984290404424
